﻿"All Kinds of Knitting                   ",10075.98,26.98
"Basic Home Electronics                  ",9274.17,32.29
"Boating Safety                          ",15421.81,36.50
"Calligraphy                             ",8973.43,25.25
"Chocolate Lovers Cookbook               ",9557.41,25.95
"Clear Cupboards                         ",15055.50,49.95
"Conversational Chinese                  ",0.00,35.00
"Conversational French                   ",10905.30,35.00
"Conversational German                   ",9972.89,35.00
"Conversational Italian                  ",11014.81,35.00
"Creating Toys in Wood                   ",9445.07,23.79
"Cross-stitching for Special Occasions   ",8102.48,20.00
"Decorating Wedding Cakes                ",13166.88,44.45
Developing Mobile Apps,19990.00,45.00
"English Gardens                         ",15998.00,40.00
"Flower Arranging                        ",7366.46,20.00
"Furniture Refinishing                   ",11642.95,39.99
"Furniture Upholstery                    ",13136.26,46.95
"Guide to Stereo Equipment               ",13825.26,39.98
"Guide to Video Equipment                ",12845.30,39.98
"How to Manage Money Effectively         ",13929.75,44.50
"How to Play Guitar (Advanced)           ",8355.50,20.50
"How to Play Guitar (Beginner)           ",9727.80,25.00
"How to Play Guitar (Intermediate)       ",8862.95,20.50
"How to Play Guitar (Professional)       ",9704.71,25.00
"How to Play Piano (Advanced)            ",7971.02,20.50
"How to Play Piano (Beginner)            ",9917.75,25.00
"How to Play Piano (Intermediate)        ",8565.35,20.50
"How to Play Piano (Professional)        ",9901.42,25.00
"Landscaping (Advanced)                  ",12336.42,25.00
"Landscaping (Beginner)                  ",12933.53,30.00
"Landscaping (Professional)              ",13445.62,30.00
"Learning Chinese (Beginner)             ",9557.81,30.00
"Learning Chinese (Intermediate)         ",9789.23,30.00
"Learning French (Advanced)              ",9805.98,30.00
"Learning French (Beginner)              ",9008.08,30.00
"Learning French (Intermediate)          ",9469.79,30.00
"Learning German (Advanced)              ",9850.61,30.00
"Learning German (Beginner)              ",9697.09,30.00
"Learning German (Intermediate)          ",9990.83,30.00
"Learning Italian (Advanced)             ",9941.71,30.00
"Learning Italian (Beginner)             ",9604.62,30.00
"Learning Italian (Intermediate)         ",9728.85,30.00
"Learning Japanese (Beginner)            ",9875.52,30.00
"Learning Japanese (Intermediate)        ",9753.66,30.00
"Learning to Crochet                     ",10001.14,30.75
"Macrame Made Easy                       ",7520.27,20.00
"Minor Home Repairs Made Easy            ",13258.89,45.95
"Modern Architecture                     ",12268.26,39.99
"More Home Repairs Made Easy             ",14737.10,49.99
"Mythologies of the World                ",15714.02,49.95
"North American History                  ",16349.94,50.00
"Plumbing Repairs Made Easy              ",15179.75,40.25
"Quick Study in Calculus                 ",8508.43,21.95
"Quick Study in English Grammar          ",7980.00,21.95
"Recipes From India                      ",11105.15,38.89
"Recipes From Italy                      ",11772.73,39.99
"Sailing                                 ",9932.96,29.15
"Starting a Greenhouse                   ",11424.14,30.50
"Starting a Small Garden                 ",12369.67,35.00
"Stencil the Room                 ",8812.40,15.50
"Studying Greek Mythology                ",11259.34,27.95
"Studying the Civil War                  ",15301.41,47.99
"Taking Care of Your Cat                 ",9580.80,13.99
"Taking Care of Your Dog                 ",8808.74,13.99
"Taking Care of Your Fish                ",9200.60,13.99
"Taking Care of Your Hamster             ",7260.73,13.99
"Taking Care of Your Parrot              ",9904.70,13.99
"Taking Care of Your Rabbit              ",8255.62,13.99
"The Art of Oil Painting                 ",11277.56,34.50
"The Art of Pen and Ink Drawing          ",11368.88,34.50
"The Art of Water Painting               ",11155.98,34.50
"The Complete Auto Repair Guide          ",16022.49,50.99
"The Complete Football Reference         ",15032.41,49.99
"The Complete Guide to Flowers           ",9185.31,24.95
"The Complete Guide to Vegetables        ",9709.20,24.95
"The History of Baseball                 ",13187.06,69.99
"The Mayan Civilization                  ",13409.44,39.99
"The Sport of Hang Gliding               ",15421.81,49.68
"The Sport of Windsurfing                ",12798.32,38.50
"Understanding Biology                   ",12675.50,35.73
"Understanding Geometry                  ",11056.44,35.75
"Understanding Physics                   ",12933.19,42.98
"Understanding Trigonometry              ",12294.03,35.75
"Unique Picture Framing                  ",11235.95,34.50
"Wallpapering Made Easy                  ",9931.03,25.50
"Woodworking Around the House            ",14385.73,46.97
