﻿<Titles>
  <bktitle>All Kinds of Knitting                   </bktitle>
  <devcost>10075.9800</devcost>
  <slprice>26.9800</slprice>
</Titles>
<Titles>
  <bktitle>Basic Home Electronics                  </bktitle>
  <devcost>9274.1700</devcost>
  <slprice>32.2900</slprice>
</Titles>
<Titles>
  <bktitle>Boating Safety                          </bktitle>
  <devcost>15421.8100</devcost>
  <slprice>36.5000</slprice>
</Titles>
<Titles>
  <bktitle>Calligraphy                             </bktitle>
  <devcost>8973.4300</devcost>
  <slprice>25.2500</slprice>
</Titles>
<Titles>
  <bktitle>Chocolate Lovers Cookbook               </bktitle>
  <devcost>9557.4100</devcost>
  <slprice>25.9500</slprice>
</Titles>
<Titles>
  <bktitle>Clear Cupboards                         </bktitle>
  <devcost>15055.5000</devcost>
  <slprice>49.9500</slprice>
</Titles>
<Titles>
  <bktitle>Conversational Chinese                  </bktitle>
  <devcost>0.0000</devcost>
  <slprice>35.0000</slprice>
</Titles>
<Titles>
  <bktitle>Conversational French                   </bktitle>
  <devcost>10905.3000</devcost>
  <slprice>35.0000</slprice>
</Titles>
<Titles>
  <bktitle>Conversational German                   </bktitle>
  <devcost>9972.8900</devcost>
  <slprice>35.0000</slprice>
</Titles>
<Titles>
  <bktitle>Conversational Italian                  </bktitle>
  <devcost>11014.8100</devcost>
  <slprice>35.0000</slprice>
</Titles>
<Titles>
  <bktitle>Creating Toys in Wood                   </bktitle>
  <devcost>9445.0700</devcost>
  <slprice>23.7900</slprice>
</Titles>
<Titles>
  <bktitle>Cross-stitching for Special Occasions   </bktitle>
  <devcost>8102.4800</devcost>
  <slprice>20.0000</slprice>
</Titles>
<Titles>
  <bktitle>Decorating Wedding Cakes                </bktitle>
  <devcost>13166.8800</devcost>
  <slprice>44.4500</slprice>
</Titles>
<Titles>
  <bktitle>Developing Mobile Apps</bktitle>
  <devcost>19990.0000</devcost>
  <slprice>45.0000</slprice>
</Titles>
<Titles>
  <bktitle>English Gardens                         </bktitle>
  <devcost>15998.0000</devcost>
  <slprice>40.0000</slprice>
</Titles>
<Titles>
  <bktitle>Flower Arranging                        </bktitle>
  <devcost>7366.4600</devcost>
  <slprice>20.0000</slprice>
</Titles>
<Titles>
  <bktitle>Furniture Refinishing                   </bktitle>
  <devcost>11642.9500</devcost>
  <slprice>39.9900</slprice>
</Titles>
<Titles>
  <bktitle>Furniture Upholstery                    </bktitle>
  <devcost>13136.2600</devcost>
  <slprice>46.9500</slprice>
</Titles>
<Titles>
  <bktitle>Guide to Stereo Equipment               </bktitle>
  <devcost>13825.2600</devcost>
  <slprice>39.9800</slprice>
</Titles>
<Titles>
  <bktitle>Guide to Video Equipment                </bktitle>
  <devcost>12845.3000</devcost>
  <slprice>39.9800</slprice>
</Titles>
<Titles>
  <bktitle>How to Manage Money Effectively         </bktitle>
  <devcost>13929.7500</devcost>
  <slprice>44.5000</slprice>
</Titles>
<Titles>
  <bktitle>How to Play Guitar (Advanced)           </bktitle>
  <devcost>8355.5000</devcost>
  <slprice>20.5000</slprice>
</Titles>
<Titles>
  <bktitle>How to Play Guitar (Beginner)           </bktitle>
  <devcost>9727.8000</devcost>
  <slprice>25.0000</slprice>
</Titles>
<Titles>
  <bktitle>How to Play Guitar (Intermediate)       </bktitle>
  <devcost>8862.9500</devcost>
  <slprice>20.5000</slprice>
</Titles>
<Titles>
  <bktitle>How to Play Guitar (Professional)       </bktitle>
  <devcost>9704.7100</devcost>
  <slprice>25.0000</slprice>
</Titles>
<Titles>
  <bktitle>How to Play Piano (Advanced)            </bktitle>
  <devcost>7971.0200</devcost>
  <slprice>20.5000</slprice>
</Titles>
<Titles>
  <bktitle>How to Play Piano (Beginner)            </bktitle>
  <devcost>9917.7500</devcost>
  <slprice>25.0000</slprice>
</Titles>
<Titles>
  <bktitle>How to Play Piano (Intermediate)        </bktitle>
  <devcost>8565.3500</devcost>
  <slprice>20.5000</slprice>
</Titles>
<Titles>
  <bktitle>How to Play Piano (Professional)        </bktitle>
  <devcost>9901.4200</devcost>
  <slprice>25.0000</slprice>
</Titles>
<Titles>
  <bktitle>Landscaping (Advanced)                  </bktitle>
  <devcost>12336.4200</devcost>
  <slprice>25.0000</slprice>
</Titles>
<Titles>
  <bktitle>Landscaping (Beginner)                  </bktitle>
  <devcost>12933.5300</devcost>
  <slprice>30.0000</slprice>
</Titles>
<Titles>
  <bktitle>Landscaping (Professional)              </bktitle>
  <devcost>13445.6200</devcost>
  <slprice>30.0000</slprice>
</Titles>
<Titles>
  <bktitle>Learning Chinese (Beginner)             </bktitle>
  <devcost>9557.8100</devcost>
  <slprice>30.0000</slprice>
</Titles>
<Titles>
  <bktitle>Learning Chinese (Intermediate)         </bktitle>
  <devcost>9789.2300</devcost>
  <slprice>30.0000</slprice>
</Titles>
<Titles>
  <bktitle>Learning French (Advanced)              </bktitle>
  <devcost>9805.9800</devcost>
  <slprice>30.0000</slprice>
</Titles>
<Titles>
  <bktitle>Learning French (Beginner)              </bktitle>
  <devcost>9008.0800</devcost>
  <slprice>30.0000</slprice>
</Titles>
<Titles>
  <bktitle>Learning French (Intermediate)          </bktitle>
  <devcost>9469.7900</devcost>
  <slprice>30.0000</slprice>
</Titles>
<Titles>
  <bktitle>Learning German (Advanced)              </bktitle>
  <devcost>9850.6100</devcost>
  <slprice>30.0000</slprice>
</Titles>
<Titles>
  <bktitle>Learning German (Beginner)              </bktitle>
  <devcost>9697.0900</devcost>
  <slprice>30.0000</slprice>
</Titles>
<Titles>
  <bktitle>Learning German (Intermediate)          </bktitle>
  <devcost>9990.8300</devcost>
  <slprice>30.0000</slprice>
</Titles>
<Titles>
  <bktitle>Learning Italian (Advanced)             </bktitle>
  <devcost>9941.7100</devcost>
  <slprice>30.0000</slprice>
</Titles>
<Titles>
  <bktitle>Learning Italian (Beginner)             </bktitle>
  <devcost>9604.6200</devcost>
  <slprice>30.0000</slprice>
</Titles>
<Titles>
  <bktitle>Learning Italian (Intermediate)         </bktitle>
  <devcost>9728.8500</devcost>
  <slprice>30.0000</slprice>
</Titles>
<Titles>
  <bktitle>Learning Japanese (Beginner)            </bktitle>
  <devcost>9875.5200</devcost>
  <slprice>30.0000</slprice>
</Titles>
<Titles>
  <bktitle>Learning Japanese (Intermediate)        </bktitle>
  <devcost>9753.6600</devcost>
  <slprice>30.0000</slprice>
</Titles>
<Titles>
  <bktitle>Learning to Crochet                     </bktitle>
  <devcost>10001.1400</devcost>
  <slprice>30.7500</slprice>
</Titles>
<Titles>
  <bktitle>Macrame Made Easy                       </bktitle>
  <devcost>7520.2700</devcost>
  <slprice>20.0000</slprice>
</Titles>
<Titles>
  <bktitle>Minor Home Repairs Made Easy            </bktitle>
  <devcost>13258.8900</devcost>
  <slprice>45.9500</slprice>
</Titles>
<Titles>
  <bktitle>Modern Architecture                     </bktitle>
  <devcost>12268.2600</devcost>
  <slprice>39.9900</slprice>
</Titles>
<Titles>
  <bktitle>More Home Repairs Made Easy             </bktitle>
  <devcost>14737.1000</devcost>
  <slprice>49.9900</slprice>
</Titles>
<Titles>
  <bktitle>Mythologies of the World                </bktitle>
  <devcost>15714.0200</devcost>
  <slprice>49.9500</slprice>
</Titles>
<Titles>
  <bktitle>North American History                  </bktitle>
  <devcost>16349.9400</devcost>
  <slprice>50.0000</slprice>
</Titles>
<Titles>
  <bktitle>Plumbing Repairs Made Easy              </bktitle>
  <devcost>15179.7500</devcost>
  <slprice>40.2500</slprice>
</Titles>
<Titles>
  <bktitle>Quick Study in Calculus                 </bktitle>
  <devcost>8508.4300</devcost>
  <slprice>21.9500</slprice>
</Titles>
<Titles>
  <bktitle>Quick Study in English Grammar          </bktitle>
  <devcost>7980.0000</devcost>
  <slprice>21.9500</slprice>
</Titles>
<Titles>
  <bktitle>Recipes From India                      </bktitle>
  <devcost>11105.1500</devcost>
  <slprice>38.8900</slprice>
</Titles>
<Titles>
  <bktitle>Recipes From Italy                      </bktitle>
  <devcost>11772.7300</devcost>
  <slprice>39.9900</slprice>
</Titles>
<Titles>
  <bktitle>Sailing                                 </bktitle>
  <devcost>9932.9600</devcost>
  <slprice>29.1500</slprice>
</Titles>
<Titles>
  <bktitle>Starting a Greenhouse                   </bktitle>
  <devcost>11424.1400</devcost>
  <slprice>30.5000</slprice>
</Titles>
<Titles>
  <bktitle>Starting a Small Garden                 </bktitle>
  <devcost>12369.6700</devcost>
  <slprice>35.0000</slprice>
</Titles>
<Titles>
  <bktitle>Stencil the Room                 </bktitle>
  <devcost>8812.4000</devcost>
  <slprice>15.5000</slprice>
</Titles>
<Titles>
  <bktitle>Studying Greek Mythology                </bktitle>
  <devcost>11259.3400</devcost>
  <slprice>27.9500</slprice>
</Titles>
<Titles>
  <bktitle>Studying the Civil War                  </bktitle>
  <devcost>15301.4100</devcost>
  <slprice>47.9900</slprice>
</Titles>
<Titles>
  <bktitle>Taking Care of Your Cat                 </bktitle>
  <devcost>9580.8000</devcost>
  <slprice>13.9900</slprice>
</Titles>
<Titles>
  <bktitle>Taking Care of Your Dog                 </bktitle>
  <devcost>8808.7400</devcost>
  <slprice>13.9900</slprice>
</Titles>
<Titles>
  <bktitle>Taking Care of Your Fish                </bktitle>
  <devcost>9200.6000</devcost>
  <slprice>13.9900</slprice>
</Titles>
<Titles>
  <bktitle>Taking Care of Your Hamster             </bktitle>
  <devcost>7260.7300</devcost>
  <slprice>13.9900</slprice>
</Titles>
<Titles>
  <bktitle>Taking Care of Your Parrot              </bktitle>
  <devcost>9904.7000</devcost>
  <slprice>13.9900</slprice>
</Titles>
<Titles>
  <bktitle>Taking Care of Your Rabbit              </bktitle>
  <devcost>8255.6200</devcost>
  <slprice>13.9900</slprice>
</Titles>
<Titles>
  <bktitle>The Art of Oil Painting                 </bktitle>
  <devcost>11277.5600</devcost>
  <slprice>34.5000</slprice>
</Titles>
<Titles>
  <bktitle>The Art of Pen and Ink Drawing          </bktitle>
  <devcost>11368.8800</devcost>
  <slprice>34.5000</slprice>
</Titles>
<Titles>
  <bktitle>The Art of Water Painting               </bktitle>
  <devcost>11155.9800</devcost>
  <slprice>34.5000</slprice>
</Titles>
<Titles>
  <bktitle>The Complete Auto Repair Guide          </bktitle>
  <devcost>16022.4900</devcost>
  <slprice>50.9900</slprice>
</Titles>
<Titles>
  <bktitle>The Complete Football Reference         </bktitle>
  <devcost>15032.4100</devcost>
  <slprice>49.9900</slprice>
</Titles>
<Titles>
  <bktitle>The Complete Guide to Flowers           </bktitle>
  <devcost>9185.3100</devcost>
  <slprice>24.9500</slprice>
</Titles>
<Titles>
  <bktitle>The Complete Guide to Vegetables        </bktitle>
  <devcost>9709.2000</devcost>
  <slprice>24.9500</slprice>
</Titles>
<Titles>
  <bktitle>The History of Baseball                 </bktitle>
  <devcost>13187.0600</devcost>
  <slprice>69.9900</slprice>
</Titles>
<Titles>
  <bktitle>The Mayan Civilization                  </bktitle>
  <devcost>13409.4400</devcost>
  <slprice>39.9900</slprice>
</Titles>
<Titles>
  <bktitle>The Sport of Hang Gliding               </bktitle>
  <devcost>15421.8100</devcost>
  <slprice>49.6800</slprice>
</Titles>
<Titles>
  <bktitle>The Sport of Windsurfing                </bktitle>
  <devcost>12798.3200</devcost>
  <slprice>38.5000</slprice>
</Titles>
<Titles>
  <bktitle>Understanding Biology                   </bktitle>
  <devcost>12675.5000</devcost>
  <slprice>35.7300</slprice>
</Titles>
<Titles>
  <bktitle>Understanding Geometry                  </bktitle>
  <devcost>11056.4400</devcost>
  <slprice>35.7500</slprice>
</Titles>
<Titles>
  <bktitle>Understanding Physics                   </bktitle>
  <devcost>12933.1900</devcost>
  <slprice>42.9800</slprice>
</Titles>
<Titles>
  <bktitle>Understanding Trigonometry              </bktitle>
  <devcost>12294.0300</devcost>
  <slprice>35.7500</slprice>
</Titles>
<Titles>
  <bktitle>Unique Picture Framing                  </bktitle>
  <devcost>11235.9500</devcost>
  <slprice>34.5000</slprice>
</Titles>
<Titles>
  <bktitle>Wallpapering Made Easy                  </bktitle>
  <devcost>9931.0300</devcost>
  <slprice>25.5000</slprice>
</Titles>
<Titles>
  <bktitle>Woodworking Around the House            </bktitle>
  <devcost>14385.7300</devcost>
  <slprice>46.9700</slprice>
</Titles>